<?xml version="1.0" encoding="UTF-8"?>
<preferences>
 <debug showDebugMenu="0" />
 <systemtable filter="Default">
  <columns>
   <connections preferredWidth="127" />
   <irq preferredWidth="34" />
  </columns>
 </systemtable>
 <clocktable>
  <columns>
   <clockname preferredWidth="548" />
   <clocksource preferredWidth="548" />
   <frequency preferredWidth="528" />
  </columns>
 </clocktable>
 <library
   expandedCategories="Library/Peripherals/Microcontroller Peripherals,Project,Library,Library/Peripherals" />
 <window width="1920" height="1152" x="0" y="0" />
 <generation path="nios_system" synthesis="VHDL" />
 <hdlexample language="VHDL" />
</preferences>
